nx,ny,nz,time[sec]
12,2,1,0.100208
24,1,1,0.100327
4,3,2,0.100551
6,2,2,0.100328
6,4,1,0.100924
8,3,1,0.1006
