nx,ny,nz,time[sec]
12,2,1,0.103405
24,1,1,0.100411
4,3,2,0.101968
6,2,2,0.103179
6,4,1,0.100037
8,3,1,0.100782
