nx,ny,nz,time[sec]
12,2,1,0.102935
24,1,1,0.0998496
4,3,2,0.100732
6,2,2,0.100519
6,4,1,0.100875
8,3,1,0.100564
